date,closest_day_forecast,base_forecast: 1 day(s)
2017-12-01 00:00:00,0.052,0.026
2017-12-01 00:30:00,0.025,0.054
2017-12-01 01:00:00,0.019,0.023
2017-12-01 01:30:00,0.049,0.044
2017-12-01 02:00:00,0.027,0.027
2017-12-01 02:30:00,0.018,0.034
2017-12-01 03:00:00,0.047,0.041
2017-12-01 03:30:00,0.028,0.022
2017-12-01 04:00:00,0.018,0.028
2017-12-01 04:30:00,0.031,0.035
2017-12-01 05:00:00,0.05,0.055
2017-12-01 05:30:00,0.021,0.026
2017-12-01 06:00:00,0.036,0.046
2017-12-01 06:30:00,0.088,0.069
2017-12-01 07:00:00,0.1369999999999999,0.21
2017-12-01 07:30:00,0.061,0.086
2017-12-01 08:00:00,0.093,0.076
2017-12-01 08:30:00,0.06,0.049
2017-12-01 09:00:00,0.123,0.022
2017-12-01 09:30:00,0.109,0.022
2017-12-01 10:00:00,0.742,0.023
2017-12-01 10:30:00,0.235,0.041
2017-12-01 11:00:00,0.177,0.045
2017-12-01 11:30:00,0.156,0.02
2017-12-01 12:00:00,0.722,0.021
2017-12-01 12:30:00,1.807,0.1669999999999999
2017-12-01 13:00:00,0.8540000000000001,0.123
2017-12-01 13:30:00,0.882,0.532
2017-12-01 14:00:00,0.8220000000000001,0.221
2017-12-01 14:30:00,0.235,0.346
2017-12-01 15:00:00,0.735,0.408
2017-12-01 15:30:00,0.74,0.094
2017-12-01 16:00:00,0.705,0.105
2017-12-01 16:30:00,0.272,0.102
2017-12-01 17:00:00,0.802,0.088
2017-12-01 17:30:00,0.731,0.132
2017-12-01 18:00:00,0.16,0.139
2017-12-01 18:30:00,0.519,0.087
2017-12-01 19:00:00,0.159,0.094
2017-12-01 19:30:00,0.255,0.477
2017-12-01 20:00:00,0.356,0.39
2017-12-01 20:30:00,0.1,0.101
2017-12-01 21:00:00,0.071,0.134
2017-12-01 21:30:00,0.13,0.088
2017-12-01 22:00:00,0.088,0.08
2017-12-01 22:30:00,0.055,0.058
2017-12-01 23:00:00,0.022,0.047
2017-12-01 23:30:00,0.054,0.027
2017-12-02 00:00:00,0.022,
2017-12-02 00:30:00,0.038,
2017-12-02 01:00:00,0.038,
2017-12-02 01:30:00,0.018,
2017-12-02 02:00:00,0.023,
2017-12-02 02:30:00,0.025,
2017-12-02 03:00:00,0.05,
2017-12-02 03:30:00,0.024,
2017-12-02 04:00:00,0.02,
2017-12-02 04:30:00,0.045,
2017-12-02 05:00:00,0.031,
2017-12-02 05:30:00,0.023,
2017-12-02 06:00:00,0.055,
2017-12-02 06:30:00,0.079,
2017-12-02 07:00:00,0.062,
2017-12-02 07:30:00,0.059,
2017-12-02 08:00:00,0.187,
2017-12-02 08:30:00,0.528,
2017-12-02 09:00:00,0.122,
2017-12-02 09:30:00,0.201,
2017-12-02 10:00:00,0.877,
2017-12-02 10:30:00,0.159,
2017-12-02 11:00:00,0.394,
2017-12-02 11:30:00,1.181,
2017-12-02 12:00:00,1.041,
2017-12-02 12:30:00,0.775,
2017-12-02 13:00:00,1.135,
2017-12-02 13:30:00,0.6829999999999999,
2017-12-02 14:00:00,0.381,
2017-12-02 14:30:00,0.595,
2017-12-02 15:00:00,0.757,
2017-12-02 15:30:00,0.7070000000000001,
2017-12-02 16:00:00,1.048,
2017-12-02 16:30:00,0.454,
2017-12-02 17:00:00,0.488,
2017-12-02 17:30:00,0.393,
2017-12-02 18:00:00,0.108,
2017-12-02 18:30:00,0.071,
2017-12-02 19:00:00,0.07,
2017-12-02 19:30:00,0.144,
2017-12-02 20:00:00,0.098,
2017-12-02 20:30:00,0.126,
2017-12-02 21:00:00,0.1,
2017-12-02 21:30:00,0.064,
2017-12-02 22:00:00,0.07,
2017-12-02 22:30:00,0.073,
2017-12-02 23:00:00,0.049,
2017-12-02 23:30:00,0.023,
2017-12-03 00:00:00,0.036,
2017-12-03 00:30:00,0.04,
2017-12-03 01:00:00,0.021,
2017-12-03 01:30:00,0.046,
2017-12-03 02:00:00,0.019,
2017-12-03 02:30:00,0.038,
2017-12-03 03:00:00,0.029,
2017-12-03 03:30:00,0.022,
2017-12-03 04:00:00,0.05,
2017-12-03 04:30:00,0.023,
2017-12-03 05:00:00,0.053,
2017-12-03 05:30:00,0.083,
2017-12-03 06:00:00,0.064,
2017-12-03 06:30:00,0.046,
2017-12-03 07:00:00,0.037,
2017-12-03 07:30:00,0.118,
2017-12-03 08:00:00,0.926,
2017-12-03 08:30:00,0.328,
2017-12-03 09:00:00,0.106,
2017-12-03 09:30:00,0.046,
2017-12-03 10:00:00,0.748,
2017-12-03 10:30:00,0.742,
2017-12-03 11:00:00,0.935,
2017-12-03 11:30:00,0.4970000000000001,
2017-12-03 12:00:00,0.056,
2017-12-03 12:30:00,0.489,
2017-12-03 13:00:00,0.726,
2017-12-03 13:30:00,0.598,
2017-12-03 14:00:00,0.459,
2017-12-03 14:30:00,0.093,
2017-12-03 15:00:00,0.073,
2017-12-03 15:30:00,0.119,
2017-12-03 16:00:00,0.072,
2017-12-03 16:30:00,0.047,
2017-12-03 17:00:00,0.368,
2017-12-03 17:30:00,0.622,
2017-12-03 18:00:00,0.148,
2017-12-03 18:30:00,0.331,
2017-12-03 19:00:00,0.511,
2017-12-03 19:30:00,0.117,
2017-12-03 20:00:00,0.116,
2017-12-03 20:30:00,0.135,
2017-12-03 21:00:00,0.077,
2017-12-03 21:30:00,0.084,
2017-12-03 22:00:00,0.023,
2017-12-03 22:30:00,0.047,
2017-12-03 23:00:00,0.025,
2017-12-03 23:30:00,0.047,
2017-12-04 00:00:00,0.052,0.031
2017-12-04 00:30:00,0.026,0.053
2017-12-04 01:00:00,0.047,0.028
2017-12-04 01:30:00,0.021,0.028
2017-12-04 02:00:00,0.044,0.036
2017-12-04 02:30:00,0.029,0.04
2017-12-04 03:00:00,0.035,0.023
2017-12-04 03:30:00,0.039,0.048
2017-12-04 04:00:00,0.023,0.021
2017-12-04 04:30:00,0.051,0.026
2017-12-04 05:00:00,0.02,0.045
2017-12-04 05:30:00,0.135,0.041
2017-12-04 06:00:00,0.153,0.043
2017-12-04 06:30:00,0.177,0.097
2017-12-04 07:00:00,0.131,0.066
2017-12-04 07:30:00,0.077,0.056
2017-12-04 08:00:00,0.037,0.034
2017-12-04 08:30:00,0.024,0.03
2017-12-04 09:00:00,0.027,0.117
2017-12-04 09:30:00,0.041,0.059
2017-12-04 10:00:00,0.021,0.127
2017-12-04 10:30:00,0.024,0.067
2017-12-04 11:00:00,0.051,0.158
2017-12-04 11:30:00,0.024,0.101
2017-12-04 12:00:00,0.036,0.828
2017-12-04 12:30:00,0.033,0.126
2017-12-04 13:00:00,0.027,0.121
2017-12-04 13:30:00,0.041,0.104
2017-12-04 14:00:00,0.021,1.275
2017-12-04 14:30:00,0.047,1.256
2017-12-04 15:00:00,0.021,0.353
2017-12-04 15:30:00,0.199,0.262
2017-12-04 16:00:00,0.743,0.146
2017-12-04 16:30:00,0.143,0.942
2017-12-04 17:00:00,0.097,0.951
2017-12-04 17:30:00,0.049,0.506
2017-12-04 18:00:00,1.071,0.18
2017-12-04 18:30:00,1.436,0.288
2017-12-04 19:00:00,1.168,0.375
2017-12-04 19:30:00,0.16,0.192
2017-12-04 20:00:00,0.473,0.5820000000000001
2017-12-04 20:30:00,0.105,0.104
2017-12-04 21:00:00,0.125,0.098
2017-12-04 21:30:00,0.055,0.087
2017-12-04 22:00:00,0.049,0.087
2017-12-04 22:30:00,0.027,0.054
2017-12-04 23:00:00,0.053,0.029
2017-12-04 23:30:00,0.028,0.053
2017-12-05 00:00:00,0.025,0.027
2017-12-05 00:30:00,0.046,0.053
2017-12-05 01:00:00,0.025,0.022
2017-12-05 01:30:00,0.041,0.048
2017-12-05 02:00:00,0.023,0.021
2017-12-05 02:30:00,0.041,0.047
2017-12-05 03:00:00,0.025,0.023
2017-12-05 03:30:00,0.038,0.042
2017-12-05 04:00:00,0.036,0.03
2017-12-05 04:30:00,0.029,0.032
2017-12-05 05:00:00,0.06,0.045
2017-12-05 05:30:00,0.067,0.026
2017-12-05 06:00:00,0.19,0.071
2017-12-05 06:30:00,0.042,0.075
2017-12-05 07:00:00,0.053,0.196
2017-12-05 07:30:00,0.033,0.098
2017-12-05 08:00:00,0.027,0.039
2017-12-05 08:30:00,0.023,0.02
2017-12-05 09:00:00,0.054,0.047
2017-12-05 09:30:00,0.022,0.02
2017-12-05 10:00:00,0.04,0.025
2017-12-05 10:30:00,0.034,0.032
2017-12-05 11:00:00,0.025,0.044
2017-12-05 11:30:00,0.053,0.02
2017-12-05 12:00:00,0.022,0.024
2017-12-05 12:30:00,0.035,0.031
2017-12-05 13:00:00,0.038,0.046
2017-12-05 13:30:00,0.023,0.02
2017-12-05 14:00:00,0.049,0.036
2017-12-05 14:30:00,0.056,0.035
2017-12-05 15:00:00,0.075,0.019
2017-12-05 15:30:00,0.142,0.076
2017-12-05 16:00:00,0.069,0.07
2017-12-05 16:30:00,0.309,0.147
2017-12-05 17:00:00,1.024,0.105
2017-12-05 17:30:00,0.606,0.624
2017-12-05 18:00:00,0.116,0.522
2017-12-05 18:30:00,0.08,0.426
2017-12-05 19:00:00,0.404,0.378
2017-12-05 19:30:00,0.474,0.529
2017-12-05 20:00:00,0.502,0.205
2017-12-05 20:30:00,0.124,0.145
2017-12-05 21:00:00,0.098,0.111
2017-12-05 21:30:00,0.074,0.076
2017-12-05 22:00:00,0.074,0.069
2017-12-05 22:30:00,0.036,0.053
2017-12-05 23:00:00,0.028,0.026
2017-12-05 23:30:00,0.048,0.054
2017-12-06 00:00:00,0.049,
2017-12-06 00:30:00,0.02,
2017-12-06 01:00:00,0.047,
2017-12-06 01:30:00,0.019,
2017-12-06 02:00:00,0.043,
2017-12-06 02:30:00,0.02,
2017-12-06 03:00:00,0.041,
2017-12-06 03:30:00,0.028,
2017-12-06 04:00:00,0.038,
2017-12-06 04:30:00,0.036,
2017-12-06 05:00:00,0.043,
2017-12-06 05:30:00,0.093,
2017-12-06 06:00:00,0.134,
2017-12-06 06:30:00,0.048,
2017-12-06 07:00:00,0.036,
2017-12-06 07:30:00,0.031,
2017-12-06 08:00:00,0.045,
2017-12-06 08:30:00,0.022,
2017-12-06 09:00:00,0.051,
2017-12-06 09:30:00,0.022,
2017-12-06 10:00:00,0.049,
2017-12-06 10:30:00,0.025,
2017-12-06 11:00:00,0.039,
2017-12-06 11:30:00,0.032,
2017-12-06 12:00:00,0.032,
2017-12-06 12:30:00,0.041,
2017-12-06 13:00:00,0.023,
2017-12-06 13:30:00,0.051,
2017-12-06 14:00:00,0.023,
2017-12-06 14:30:00,0.067,
2017-12-06 15:00:00,0.07,
2017-12-06 15:30:00,0.04,
2017-12-06 16:00:00,0.488,
2017-12-06 16:30:00,0.415,
2017-12-06 17:00:00,0.339,
2017-12-06 17:30:00,0.231,
2017-12-06 18:00:00,0.424,
2017-12-06 18:30:00,0.563,
2017-12-06 19:00:00,0.429,
2017-12-06 19:30:00,0.147,
2017-12-06 20:00:00,0.114,
2017-12-06 20:30:00,0.097,
2017-12-06 21:00:00,0.076,
2017-12-06 21:30:00,0.071,
2017-12-06 22:00:00,0.041,
2017-12-06 22:30:00,0.027,
2017-12-06 23:00:00,0.051,
2017-12-06 23:30:00,0.023,
2017-12-07 00:00:00,0.024,0.042
2017-12-07 00:30:00,0.046,0.042
2017-12-07 01:00:00,0.017,0.024
2017-12-07 01:30:00,0.042,0.041
2017-12-07 02:00:00,0.019,0.035
2017-12-07 02:30:00,0.029,0.023
2017-12-07 03:00:00,0.033,0.037
2017-12-07 03:30:00,0.016,0.04
2017-12-07 04:00:00,0.02,0.022
2017-12-07 04:30:00,0.039,0.03
2017-12-07 05:00:00,0.037,0.053
2017-12-07 05:30:00,0.021,0.027
2017-12-07 06:00:00,0.063,0.043
2017-12-07 06:30:00,0.071,0.098
2017-12-07 07:00:00,0.193,0.208
2017-12-07 07:30:00,0.093,0.083
2017-12-07 08:00:00,0.048,0.043
2017-12-07 08:30:00,0.021,0.02
2017-12-07 09:00:00,0.039,0.025
2017-12-07 09:30:00,0.032,0.025
2017-12-07 10:00:00,0.02,0.052
2017-12-07 10:30:00,0.049,0.02
2017-12-07 11:00:00,0.02,0.026
2017-12-07 11:30:00,0.024,0.045
2017-12-07 12:00:00,0.02,0.02
2017-12-07 12:30:00,0.052,0.031
2017-12-07 13:00:00,0.027,0.039
2017-12-07 13:30:00,0.02,0.021
2017-12-07 14:00:00,0.05,0.024
2017-12-07 14:30:00,0.025,0.02
2017-12-07 15:00:00,0.021,0.053
2017-12-07 15:30:00,0.166,0.163
2017-12-07 16:00:00,0.118,0.13
2017-12-07 16:30:00,0.061,0.194
2017-12-07 17:00:00,0.684,1.169
2017-12-07 17:30:00,0.476,0.92
2017-12-07 18:00:00,0.136,0.145
2017-12-07 18:30:00,0.468,0.297
2017-12-07 19:00:00,0.336,0.446
2017-12-07 19:30:00,0.236,0.2
2017-12-07 20:00:00,0.136,0.51
2017-12-07 20:30:00,0.11,0.116
2017-12-07 21:00:00,0.11,0.1369999999999999
2017-12-07 21:30:00,0.095,0.095
2017-12-07 22:00:00,0.096,0.104
2017-12-07 22:30:00,0.047,0.066
2017-12-07 23:00:00,0.023,0.043
2017-12-07 23:30:00,0.052,0.043
2017-12-08 00:00:00,0.052,0.027
2017-12-08 00:30:00,0.025,0.042
2017-12-08 01:00:00,0.019,0.038
2017-12-08 01:30:00,0.049,0.022
2017-12-08 02:00:00,0.027,0.039
2017-12-08 02:30:00,0.018,0.038
2017-12-08 03:00:00,0.047,0.022
2017-12-08 03:30:00,0.028,0.039
2017-12-08 04:00:00,0.018,0.038
2017-12-08 04:30:00,0.031,0.023
2017-12-08 05:00:00,0.05,0.041
2017-12-08 05:30:00,0.021,0.045
2017-12-08 06:00:00,0.036,0.044
2017-12-08 06:30:00,0.088,0.081
2017-12-08 07:00:00,0.1369999999999999,0.232
2017-12-08 07:30:00,0.061,0.079
2017-12-08 08:00:00,0.093,0.024
2017-12-08 08:30:00,0.06,0.026
2017-12-08 09:00:00,0.123,0.048
2017-12-08 09:30:00,0.109,0.02
2017-12-08 10:00:00,0.742,0.037
2017-12-08 10:30:00,0.235,0.032
2017-12-08 11:00:00,0.177,0.021
2017-12-08 11:30:00,0.156,0.047
2017-12-08 12:00:00,0.722,0.02
2017-12-08 12:30:00,1.807,0.025
2017-12-08 13:00:00,0.8540000000000001,0.022
2017-12-08 13:30:00,0.882,0.053
2017-12-08 14:00:00,0.8220000000000001,0.028
2017-12-08 14:30:00,0.235,0.02
2017-12-08 15:00:00,0.735,0.046
2017-12-08 15:30:00,0.74,0.068
2017-12-08 16:00:00,0.705,0.485
2017-12-08 16:30:00,0.272,0.193
2017-12-08 17:00:00,0.802,1.148
2017-12-08 17:30:00,0.731,0.621
2017-12-08 18:00:00,0.16,0.306
2017-12-08 18:30:00,0.519,0.972
2017-12-08 19:00:00,0.159,1.412
2017-12-08 19:30:00,0.255,1.4980000000000002
2017-12-08 20:00:00,0.356,0.2
2017-12-08 20:30:00,0.1,0.118
2017-12-08 21:00:00,0.071,0.121
2017-12-08 21:30:00,0.13,0.107
2017-12-08 22:00:00,0.088,0.077
2017-12-08 22:30:00,0.055,0.104
2017-12-08 23:00:00,0.022,0.04
2017-12-08 23:30:00,0.054,0.043
2017-12-09 00:00:00,0.036,0.028
2017-12-09 00:30:00,0.048,0.026
2017-12-09 01:00:00,0.019,0.043
2017-12-09 01:30:00,0.017,0.018
2017-12-09 02:00:00,0.046,0.02
2017-12-09 02:30:00,0.03,0.022
2017-12-09 03:00:00,0.018,0.049
2017-12-09 03:30:00,0.028,0.018
2017-12-09 04:00:00,0.047,0.019
2017-12-09 04:30:00,0.025,0.047
2017-12-09 05:00:00,0.022,0.021
2017-12-09 05:30:00,0.022,0.023
2017-12-09 06:00:00,0.063,0.04
2017-12-09 06:30:00,0.083,0.086
2017-12-09 07:00:00,0.063,0.177
2017-12-09 07:30:00,0.04,0.084
2017-12-09 08:00:00,0.042,0.027
2017-12-09 08:30:00,0.104,0.032
2017-12-09 09:00:00,0.924,0.048
2017-12-09 09:30:00,0.135,0.02
2017-12-09 10:00:00,0.199,0.032
2017-12-09 10:30:00,0.127,0.042
2017-12-09 11:00:00,1.293,0.021
2017-12-09 11:30:00,1.118,0.024
2017-12-09 12:00:00,1.7080000000000002,0.025
2017-12-09 12:30:00,0.961,0.051
2017-12-09 13:00:00,0.415,0.031
2017-12-09 13:30:00,0.355,0.02
2017-12-09 14:00:00,0.78,0.024
2017-12-09 14:30:00,0.773,0.172
2017-12-09 15:00:00,0.647,0.7240000000000001
2017-12-09 15:30:00,0.135,0.156
2017-12-09 16:00:00,0.108,0.166
2017-12-09 16:30:00,0.057,0.358
2017-12-09 17:00:00,0.115,2.502
2017-12-09 17:30:00,0.7929999999999999,1.217
2017-12-09 18:00:00,0.136,1.232
2017-12-09 18:30:00,0.227,0.72
2017-12-09 19:00:00,0.159,0.591
2017-12-09 19:30:00,0.333,0.12
2017-12-09 20:00:00,0.322,0.134
2017-12-09 20:30:00,0.183,0.129
2017-12-09 21:00:00,0.5329999999999999,0.127
2017-12-09 21:30:00,0.117,0.081
2017-12-09 22:00:00,0.111,0.096
2017-12-09 22:30:00,0.086,0.068
2017-12-09 23:00:00,0.073,0.057
2017-12-09 23:30:00,0.051,0.036
2017-12-10 00:00:00,0.043,
2017-12-10 00:30:00,0.034,
2017-12-10 01:00:00,0.019,
2017-12-10 01:30:00,0.036,
2017-12-10 02:00:00,0.033,
2017-12-10 02:30:00,0.018,
2017-12-10 03:00:00,0.026,
2017-12-10 03:30:00,0.049,
2017-12-10 04:00:00,0.017,
2017-12-10 04:30:00,0.021,
2017-12-10 05:00:00,0.037,
2017-12-10 05:30:00,0.049,
2017-12-10 06:00:00,0.035,
2017-12-10 06:30:00,0.068,
2017-12-10 07:00:00,0.075,
2017-12-10 07:30:00,0.063,
2017-12-10 08:00:00,0.022,
2017-12-10 08:30:00,0.022,
2017-12-10 09:00:00,0.109,
2017-12-10 09:30:00,0.127,
2017-12-10 10:00:00,0.079,
2017-12-10 10:30:00,0.037,
2017-12-10 11:00:00,0.111,
2017-12-10 11:30:00,0.084,
2017-12-10 12:00:00,0.078,
2017-12-10 12:30:00,0.117,
2017-12-10 13:00:00,0.195,
2017-12-10 13:30:00,0.165,
2017-12-10 14:00:00,0.118,
2017-12-10 14:30:00,0.119,
2017-12-10 15:00:00,0.171,
2017-12-10 15:30:00,0.142,
2017-12-10 16:00:00,0.271,
2017-12-10 16:30:00,0.628,
2017-12-10 17:00:00,0.364,
2017-12-10 17:30:00,0.353,
2017-12-10 18:00:00,0.157,
2017-12-10 18:30:00,0.32,
2017-12-10 19:00:00,0.364,
2017-12-10 19:30:00,0.365,
2017-12-10 20:00:00,0.163,
2017-12-10 20:30:00,0.555,
2017-12-10 21:00:00,0.116,
2017-12-10 21:30:00,0.103,
2017-12-10 22:00:00,0.0819999999999999,
2017-12-10 22:30:00,0.096,
2017-12-10 23:00:00,0.029,
2017-12-10 23:30:00,0.045,
2017-12-11 00:00:00,0.032,0.037
2017-12-11 00:30:00,0.037,0.026
2017-12-11 01:00:00,0.034,0.028
2017-12-11 01:30:00,0.028,0.039
2017-12-11 02:00:00,0.022,0.046
2017-12-11 02:30:00,0.03,0.022
2017-12-11 03:00:00,0.038,0.032
2017-12-11 03:30:00,0.019,0.046
2017-12-11 04:00:00,0.02,0.021
2017-12-11 04:30:00,0.046,0.032
2017-12-11 05:00:00,0.034,0.057
2017-12-11 05:30:00,0.024,0.026
2017-12-11 06:00:00,0.064,0.044
2017-12-11 06:30:00,0.066,0.068
2017-12-11 07:00:00,0.125,0.065
2017-12-11 07:30:00,0.1369999999999999,0.063
2017-12-11 08:00:00,0.052,0.027
2017-12-11 08:30:00,0.048,0.152
2017-12-11 09:00:00,0.026,0.108
2017-12-11 09:30:00,0.027,0.15
2017-12-11 10:00:00,0.023,0.149
2017-12-11 10:30:00,0.048,0.19
2017-12-11 11:00:00,0.038,0.12
2017-12-11 11:30:00,0.023,0.161
2017-12-11 12:00:00,0.046,0.705
2017-12-11 12:30:00,0.044,0.265
2017-12-11 13:00:00,0.056,0.138
2017-12-11 13:30:00,0.208,0.7020000000000001
2017-12-11 14:00:00,0.068,0.463
2017-12-11 14:30:00,0.031,0.161
2017-12-11 15:00:00,0.022,0.375
2017-12-11 15:30:00,0.065,0.805
2017-12-11 16:00:00,0.13,0.563
2017-12-11 16:30:00,0.0819999999999999,1.344
2017-12-11 17:00:00,0.5820000000000001,0.828
2017-12-11 17:30:00,0.586,0.322
2017-12-11 18:00:00,0.285,0.475
2017-12-11 18:30:00,0.294,0.1369999999999999
2017-12-11 19:00:00,0.4270000000000001,0.527
2017-12-11 19:30:00,0.175,0.28
2017-12-11 20:00:00,0.527,0.117
2017-12-11 20:30:00,0.096,0.16
2017-12-11 21:00:00,0.123,0.118
2017-12-11 21:30:00,0.131,0.091
2017-12-11 22:00:00,0.092,0.1
2017-12-11 22:30:00,0.076,0.051
2017-12-11 23:00:00,0.024,0.031
2017-12-11 23:30:00,0.033,0.037
2017-12-12 00:00:00,0.043,0.051
2017-12-12 00:30:00,0.022,0.026
2017-12-12 01:00:00,0.04,0.028
2017-12-12 01:30:00,0.029,0.039
2017-12-12 02:00:00,0.017,0.044
2017-12-12 02:30:00,0.043,0.021
2017-12-12 03:00:00,0.028,0.027
2017-12-12 03:30:00,0.018,0.031
2017-12-12 04:00:00,0.041,0.052
2017-12-12 04:30:00,0.033,0.023
2017-12-12 05:00:00,0.022,0.03
2017-12-12 05:30:00,0.035,0.026
2017-12-12 06:00:00,0.056,0.066
2017-12-12 06:30:00,0.067,0.089
2017-12-12 07:00:00,0.156,0.189
2017-12-12 07:30:00,0.119,0.093
2017-12-12 08:00:00,0.062,0.042
2017-12-12 08:30:00,0.041,0.042
2017-12-12 09:00:00,0.034,0.02
2017-12-12 09:30:00,0.022,0.025
2017-12-12 10:00:00,0.041,0.037
2017-12-12 10:30:00,0.041,0.041
2017-12-12 11:00:00,0.022,0.02
2017-12-12 11:30:00,0.029,0.023
2017-12-12 12:00:00,0.05,0.031
2017-12-12 12:30:00,0.022,0.05
2017-12-12 13:00:00,0.022,0.024
2017-12-12 13:30:00,0.05,0.02
2017-12-12 14:00:00,0.176,0.023
2017-12-12 14:30:00,0.053,0.035
2017-12-12 15:00:00,0.059,0.05
2017-12-12 15:30:00,0.108,0.056
2017-12-12 16:00:00,0.083,0.06
2017-12-12 16:30:00,0.73,0.224
2017-12-12 17:00:00,0.794,0.119
2017-12-12 17:30:00,0.7959999999999999,0.95
2017-12-12 18:00:00,1.144,0.12
2017-12-12 18:30:00,1.082,0.393
2017-12-12 19:00:00,1.235,0.531
2017-12-12 19:30:00,0.954,0.253
2017-12-12 20:00:00,0.703,0.5
2017-12-12 20:30:00,0.745,0.184
2017-12-12 21:00:00,0.693,0.219
2017-12-12 21:30:00,0.189,0.435
2017-12-12 22:00:00,0.172,0.081
2017-12-12 22:30:00,0.146,0.073
2017-12-12 23:00:00,0.074,0.036
2017-12-12 23:30:00,0.089,0.021
2017-12-13 00:00:00,0.026,
2017-12-13 00:30:00,0.03,
2017-12-13 01:00:00,0.027,
2017-12-13 01:30:00,0.054,
2017-12-13 02:00:00,0.027,
2017-12-13 02:30:00,0.026,
2017-12-13 03:00:00,0.024,
2017-12-13 03:30:00,0.046,
2017-12-13 04:00:00,0.04,
2017-12-13 04:30:00,0.024,
2017-12-13 05:00:00,0.031,
2017-12-13 05:30:00,0.026,
2017-12-13 06:00:00,0.074,
2017-12-13 06:30:00,0.09,
2017-12-13 07:00:00,0.176,
2017-12-13 07:30:00,0.062,
2017-12-13 08:00:00,0.212,
2017-12-13 08:30:00,0.153,
2017-12-13 09:00:00,0.132,
2017-12-13 09:30:00,0.189,
2017-12-13 10:00:00,0.114,
2017-12-13 10:30:00,0.14,
2017-12-13 11:00:00,0.177,
2017-12-13 11:30:00,0.173,
2017-12-13 12:00:00,0.151,
2017-12-13 12:30:00,0.126,
2017-12-13 13:00:00,0.259,
2017-12-13 13:30:00,0.7240000000000001,
2017-12-13 14:00:00,0.363,
2017-12-13 14:30:00,0.117,
2017-12-13 15:00:00,0.531,
2017-12-13 15:30:00,0.188,
2017-12-13 16:00:00,0.119,
2017-12-13 16:30:00,0.555,
2017-12-13 17:00:00,0.351,
2017-12-13 17:30:00,0.243,
2017-12-13 18:00:00,0.107,
2017-12-13 18:30:00,0.113,
2017-12-13 19:00:00,0.13,
2017-12-13 19:30:00,0.1369999999999999,
2017-12-13 20:00:00,0.112,
2017-12-13 20:30:00,0.12,
2017-12-13 21:00:00,0.111,
2017-12-13 21:30:00,0.092,
2017-12-13 22:00:00,0.08,
2017-12-13 22:30:00,0.042,
2017-12-13 23:00:00,0.035,
2017-12-13 23:30:00,0.051,
2017-12-14 00:00:00,0.026,0.052
2017-12-14 00:30:00,0.034,0.028
2017-12-14 01:00:00,0.037,0.016
2017-12-14 01:30:00,0.018,0.016
2017-12-14 02:00:00,0.042,0.05
2017-12-14 02:30:00,0.024,0.028
2017-12-14 03:00:00,0.025,0.017
2017-12-14 03:30:00,0.044,0.016
2017-12-14 04:00:00,0.019,0.031
2017-12-14 04:30:00,0.032,0.047
2017-12-14 05:00:00,0.044,0.024
2017-12-14 05:30:00,0.023,0.021
2017-12-14 06:00:00,0.045,0.036
2017-12-14 06:30:00,0.09,0.078
2017-12-14 07:00:00,0.124,0.202
2017-12-14 07:30:00,0.122,0.097
2017-12-14 08:00:00,0.084,0.021
2017-12-14 08:30:00,0.023,0.025
2017-12-14 09:00:00,0.049,0.026
2017-12-14 09:30:00,0.023,0.052
2017-12-14 10:00:00,0.03,0.028
2017-12-14 10:30:00,0.05,0.02
2017-12-14 11:00:00,0.022,0.021
2017-12-14 11:30:00,0.027,0.051
2017-12-14 12:00:00,0.052,0.031
2017-12-14 12:30:00,0.024,0.02
2017-12-14 13:00:00,0.022,0.02
2017-12-14 13:30:00,0.048,0.025
2017-12-14 14:00:00,0.035,0.019
2017-12-14 14:30:00,0.022,0.048
2017-12-14 15:00:00,0.031,0.046
2017-12-14 15:30:00,0.079,0.06
2017-12-14 16:00:00,0.063,0.888
2017-12-14 16:30:00,0.095,0.213
2017-12-14 17:00:00,0.1,0.242
2017-12-14 17:30:00,0.09,2.0380000000000003
2017-12-14 18:00:00,0.136,1.401
2017-12-14 18:30:00,0.172,0.797
2017-12-14 19:00:00,0.088,0.356
2017-12-14 19:30:00,0.124,0.476
2017-12-14 20:00:00,0.131,0.117
2017-12-14 20:30:00,0.1,0.118
2017-12-14 21:00:00,0.12,0.12
2017-12-14 21:30:00,0.135,0.134
2017-12-14 22:00:00,0.095,0.093
2017-12-14 22:30:00,0.094,0.07
2017-12-14 23:00:00,0.048,0.044
2017-12-14 23:30:00,0.022,0.021
2017-12-15 00:00:00,0.055,0.025
2017-12-15 00:30:00,0.024,0.021
2017-12-15 01:00:00,0.019,0.045
2017-12-15 01:30:00,0.05,0.034
2017-12-15 02:00:00,0.024,0.017
2017-12-15 02:30:00,0.018,0.02
2017-12-15 03:00:00,0.038,0.017
2017-12-15 03:30:00,0.04,0.038
2017-12-15 04:00:00,0.023,0.048
2017-12-15 04:30:00,0.02,0.018
2017-12-15 05:00:00,0.05,0.02
2017-12-15 05:30:00,0.039,0.025
2017-12-15 06:00:00,0.033,0.037
2017-12-15 06:30:00,0.065,0.09
2017-12-15 07:00:00,0.095,0.206
2017-12-15 07:30:00,0.156,0.085
2017-12-15 08:00:00,0.084,0.022
2017-12-15 08:30:00,0.031,0.023
2017-12-15 09:00:00,0.052,0.029
2017-12-15 09:30:00,0.024,0.051
2017-12-15 10:00:00,0.022,0.027
2017-12-15 10:30:00,0.042,0.02
2017-12-15 11:00:00,0.046,0.024
2017-12-15 11:30:00,0.022,0.02
2017-12-15 12:00:00,0.022,0.043
2017-12-15 12:30:00,0.04,0.049
2017-12-15 13:00:00,0.051,0.024
2017-12-15 13:30:00,0.023,0.02
2017-12-15 14:00:00,0.022,0.02
2017-12-15 14:30:00,0.023,0.024
2017-12-15 15:00:00,0.146,0.027
2017-12-15 15:30:00,0.134,0.084
2017-12-15 16:00:00,0.111,0.078
2017-12-15 16:30:00,0.312,0.216
2017-12-15 17:00:00,1.06,0.08
2017-12-15 17:30:00,0.711,0.831
2017-12-15 18:00:00,0.152,0.292
2017-12-15 18:30:00,0.102,0.591
2017-12-15 19:00:00,0.09,0.225
2017-12-15 19:30:00,0.544,0.565
2017-12-15 20:00:00,0.1639999999999999,0.118
2017-12-15 20:30:00,0.528,0.142
2017-12-15 21:00:00,0.126,0.114
2017-12-15 21:30:00,0.107,0.115
2017-12-15 22:00:00,0.078,0.106
2017-12-15 22:30:00,0.078,0.083
2017-12-15 23:00:00,0.037,0.02
2017-12-15 23:30:00,0.046,0.026
2017-12-16 00:00:00,0.036,0.033
2017-12-16 00:30:00,0.048,0.047
2017-12-16 01:00:00,0.019,0.016
2017-12-16 01:30:00,0.017,0.02
2017-12-16 02:00:00,0.046,0.024
2017-12-16 02:30:00,0.03,0.047
2017-12-16 03:00:00,0.018,0.023
2017-12-16 03:30:00,0.028,0.016
2017-12-16 04:00:00,0.047,0.019
2017-12-16 04:30:00,0.025,0.032
2017-12-16 05:00:00,0.022,0.051
2017-12-16 05:30:00,0.022,0.024
2017-12-16 06:00:00,0.063,0.036
2017-12-16 06:30:00,0.083,0.067
2017-12-16 07:00:00,0.063,0.192
2017-12-16 07:30:00,0.04,0.145
2017-12-16 08:00:00,0.042,0.029
2017-12-16 08:30:00,0.104,0.02
2017-12-16 09:00:00,0.924,0.024
2017-12-16 09:30:00,0.135,0.029
2017-12-16 10:00:00,0.199,0.051
2017-12-16 10:30:00,0.127,0.029
2017-12-16 11:00:00,1.293,0.02
2017-12-16 11:30:00,1.118,0.025
2017-12-16 12:00:00,1.7080000000000002,0.02
2017-12-16 12:30:00,0.961,0.041
2017-12-16 13:00:00,0.415,0.05
2017-12-16 13:30:00,0.355,0.024
2017-12-16 14:00:00,0.78,0.02
2017-12-16 14:30:00,0.773,0.024
2017-12-16 15:00:00,0.647,0.175
2017-12-16 15:30:00,0.135,0.106
2017-12-16 16:00:00,0.108,0.12
2017-12-16 16:30:00,0.057,0.122
2017-12-16 17:00:00,0.115,0.779
2017-12-16 17:30:00,0.7929999999999999,0.485
2017-12-16 18:00:00,0.136,0.403
2017-12-16 18:30:00,0.227,1.336
2017-12-16 19:00:00,0.159,0.302
2017-12-16 19:30:00,0.333,0.768
2017-12-16 20:00:00,0.322,0.405
2017-12-16 20:30:00,0.183,0.5429999999999999
2017-12-16 21:00:00,0.5329999999999999,0.163
2017-12-16 21:30:00,0.117,0.515
2017-12-16 22:00:00,0.111,0.106
2017-12-16 22:30:00,0.086,0.07
2017-12-16 23:00:00,0.073,0.024
2017-12-16 23:30:00,0.051,0.026
2017-12-17 00:00:00,0.022,0.047
2017-12-17 00:30:00,0.047,0.021
2017-12-17 01:00:00,0.026,0.022
2017-12-17 01:30:00,0.024,0.018
2017-12-17 02:00:00,0.046,0.045
2017-12-17 02:30:00,0.022,0.03
2017-12-17 03:00:00,0.019,0.016
2017-12-17 03:30:00,0.048,0.021
2017-12-17 04:00:00,0.018,0.016
2017-12-17 04:30:00,0.019,0.047
2017-12-17 05:00:00,0.053,0.041
2017-12-17 05:30:00,0.022,0.022
2017-12-17 06:00:00,0.035,0.037
2017-12-17 06:30:00,0.096,0.068
2017-12-17 07:00:00,0.07,0.067
2017-12-17 07:30:00,0.04,0.071
2017-12-17 08:00:00,0.565,0.1639999999999999
2017-12-17 08:30:00,0.239,0.085
2017-12-17 09:00:00,0.141,0.8390000000000001
2017-12-17 09:30:00,0.081,0.158
2017-12-17 10:00:00,0.038,0.093
2017-12-17 10:30:00,0.092,0.051
2017-12-17 11:00:00,1.085,1.53
2017-12-17 11:30:00,0.236,0.465
2017-12-17 12:00:00,0.022,0.269
2017-12-17 12:30:00,0.022,0.8390000000000001
2017-12-17 13:00:00,0.046,0.324
2017-12-17 13:30:00,0.7909999999999999,1.263
2017-12-17 14:00:00,0.272,0.482
2017-12-17 14:30:00,0.099,0.178
2017-12-17 15:00:00,0.907,0.155
2017-12-17 15:30:00,0.106,0.54
2017-12-17 16:00:00,0.187,0.539
2017-12-17 16:30:00,0.226,0.947
2017-12-17 17:00:00,0.1,0.8370000000000001
2017-12-17 17:30:00,0.102,0.504
2017-12-17 18:00:00,0.163,0.662
2017-12-17 18:30:00,0.498,0.706
2017-12-17 19:00:00,0.311,0.41
2017-12-17 19:30:00,0.334,0.998
2017-12-17 20:00:00,0.107,0.214
2017-12-17 20:30:00,0.123,0.121
2017-12-17 21:00:00,0.127,0.12
2017-12-17 21:30:00,0.143,0.093
2017-12-17 22:00:00,0.114,0.054
2017-12-17 22:30:00,0.061,0.034
2017-12-17 23:00:00,0.048,0.024
2017-12-17 23:30:00,0.047,0.028
2017-12-18 00:00:00,0.03,0.048
2017-12-18 00:30:00,0.035,0.021
2017-12-18 01:00:00,0.039,0.022
2017-12-18 01:30:00,0.017,0.036
2017-12-18 02:00:00,0.027,0.034
2017-12-18 02:30:00,0.049,0.016
2017-12-18 03:00:00,0.02,0.028
2017-12-18 03:30:00,0.017,0.036
2017-12-18 04:00:00,0.049,0.039
2017-12-18 04:30:00,0.024,0.017
2017-12-18 05:00:00,0.022,0.025
2017-12-18 05:30:00,0.036,0.026
2017-12-18 06:00:00,0.06,0.071
2017-12-18 06:30:00,0.065,0.07
2017-12-18 07:00:00,0.12,0.06
2017-12-18 07:30:00,0.112,0.037
2017-12-18 08:00:00,0.029,0.214
2017-12-18 08:30:00,0.021,0.122
2017-12-18 09:00:00,0.045,0.154
2017-12-18 09:30:00,0.031,0.171
2017-12-18 10:00:00,0.022,0.13
2017-12-18 10:30:00,0.037,0.124
2017-12-18 11:00:00,0.045,0.103
2017-12-18 11:30:00,0.021,0.088
2017-12-18 12:00:00,0.022,0.222
2017-12-18 12:30:00,0.047,0.101
2017-12-18 13:00:00,0.036,0.537
2017-12-18 13:30:00,0.022,0.123
2017-12-18 14:00:00,0.022,0.093
2017-12-18 14:30:00,0.052,0.14
2017-12-18 15:00:00,0.033,0.089
2017-12-18 15:30:00,0.051,0.09
2017-12-18 16:00:00,0.362,0.747
2017-12-18 16:30:00,0.206,0.977
2017-12-18 17:00:00,0.129,0.461
2017-12-18 17:30:00,0.113,0.174
2017-12-18 18:00:00,0.073,0.605
2017-12-18 18:30:00,0.051,0.8390000000000001
2017-12-18 19:00:00,0.032,0.315
2017-12-18 19:30:00,0.062,0.144
2017-12-18 20:00:00,0.162,0.581
2017-12-18 20:30:00,0.095,0.102
2017-12-18 21:00:00,0.136,0.08
2017-12-18 21:30:00,0.126,0.072
2017-12-18 22:00:00,0.081,0.055
2017-12-18 22:30:00,0.06,0.02
2017-12-18 23:00:00,0.068,0.024
2017-12-18 23:30:00,0.029,0.048
2017-12-19 00:00:00,0.036,0.026
2017-12-19 00:30:00,0.037,0.025
2017-12-19 01:00:00,0.021,0.032
2017-12-19 01:30:00,0.045,0.036
2017-12-19 02:00:00,0.018,0.016
2017-12-19 02:30:00,0.038,0.02
2017-12-19 03:00:00,0.033,0.038
2017-12-19 03:30:00,0.018,0.03
2017-12-19 04:00:00,0.044,0.017
2017-12-19 04:30:00,0.027,0.022
2017-12-19 05:00:00,0.023,0.042
2017-12-19 05:30:00,0.053,0.038
2017-12-19 06:00:00,0.037,0.037
2017-12-19 06:30:00,0.069,0.067
2017-12-19 07:00:00,0.1369999999999999,0.223
2017-12-19 07:30:00,0.115,0.12
2017-12-19 08:00:00,0.087,0.051
2017-12-19 08:30:00,0.045,0.054
2017-12-19 09:00:00,0.023,0.056
2017-12-19 09:30:00,0.045,0.08
2017-12-19 10:00:00,0.032,0.049
2017-12-19 10:30:00,0.023,0.054
2017-12-19 11:00:00,0.051,0.049
2017-12-19 11:30:00,0.025,0.077
2017-12-19 12:00:00,0.025,0.063
2017-12-19 12:30:00,0.053,0.049
2017-12-19 13:00:00,0.024,0.054
2017-12-19 13:30:00,0.022,0.052
2017-12-19 14:00:00,0.053,0.0819999999999999
2017-12-19 14:30:00,0.03,0.06
2017-12-19 15:00:00,0.023,0.05
2017-12-19 15:30:00,0.069,0.093
2017-12-19 16:00:00,0.079,0.185
2017-12-19 16:30:00,0.631,0.745
2017-12-19 17:00:00,0.476,0.402
2017-12-19 17:30:00,0.628,0.972
2017-12-19 18:00:00,1.136,1.991
2017-12-19 18:30:00,1.207,1.057
2017-12-19 19:00:00,0.867,0.129
2017-12-19 19:30:00,1.133,0.5589999999999999
2017-12-19 20:00:00,0.762,0.186
2017-12-19 20:30:00,0.6990000000000001,0.236
2017-12-19 21:00:00,0.8240000000000001,0.431
2017-12-19 21:30:00,0.866,0.122
2017-12-19 22:00:00,0.454,0.103
2017-12-19 22:30:00,0.101,0.08
2017-12-19 23:00:00,0.063,0.033
2017-12-19 23:30:00,0.023,0.047
2017-12-20 00:00:00,0.049,0.021
2017-12-20 00:30:00,0.02,0.025
2017-12-20 01:00:00,0.047,0.037
2017-12-20 01:30:00,0.019,0.033
2017-12-20 02:00:00,0.043,0.017
2017-12-20 02:30:00,0.02,0.021
2017-12-20 03:00:00,0.041,0.037
2017-12-20 03:30:00,0.028,0.035
2017-12-20 04:00:00,0.038,0.016
2017-12-20 04:30:00,0.036,0.022
2017-12-20 05:00:00,0.043,0.03
2017-12-20 05:30:00,0.093,0.051
2017-12-20 06:00:00,0.134,0.04
2017-12-20 06:30:00,0.048,0.065
2017-12-20 07:00:00,0.036,0.203
2017-12-20 07:30:00,0.031,0.114
2017-12-20 08:00:00,0.045,0.033
2017-12-20 08:30:00,0.022,0.021
2017-12-20 09:00:00,0.051,0.022
2017-12-20 09:30:00,0.022,0.047
2017-12-20 10:00:00,0.049,0.03
2017-12-20 10:30:00,0.025,0.021
2017-12-20 11:00:00,0.039,0.023
2017-12-20 11:30:00,0.032,0.044
2017-12-20 12:00:00,0.032,0.036
2017-12-20 12:30:00,0.041,0.019
2017-12-20 13:00:00,0.023,0.024
2017-12-20 13:30:00,0.051,0.028
2017-12-20 14:00:00,0.023,0.051
2017-12-20 14:30:00,0.067,0.022
2017-12-20 15:00:00,0.07,0.02
2017-12-20 15:30:00,0.04,0.059
2017-12-20 16:00:00,0.488,0.075
2017-12-20 16:30:00,0.415,0.084
2017-12-20 17:00:00,0.339,0.056
2017-12-20 17:30:00,0.231,0.536
2017-12-20 18:00:00,0.424,0.539
2017-12-20 18:30:00,0.563,0.626
2017-12-20 19:00:00,0.429,0.153
2017-12-20 19:30:00,0.147,0.5329999999999999
2017-12-20 20:00:00,0.114,0.507
2017-12-20 20:30:00,0.097,0.138
2017-12-20 21:00:00,0.076,0.12
2017-12-20 21:30:00,0.071,0.119
2017-12-20 22:00:00,0.041,0.066
2017-12-20 22:30:00,0.027,0.029
2017-12-20 23:00:00,0.051,0.031
2017-12-20 23:30:00,0.023,0.05
2017-12-21 00:00:00,0.038,0.021
2017-12-21 00:30:00,0.029,0.024
2017-12-21 01:00:00,0.025,0.037
2017-12-21 01:30:00,0.047,0.034
2017-12-21 02:00:00,0.019,0.017
2017-12-21 02:30:00,0.045,0.02
2017-12-21 03:00:00,0.019,0.04
2017-12-21 03:30:00,0.024,0.031
2017-12-21 04:00:00,0.05,0.016
2017-12-21 04:30:00,0.029,0.021
2017-12-21 05:00:00,0.04,0.042
2017-12-21 05:30:00,0.081,0.039
2017-12-21 06:00:00,0.17,0.038
2017-12-21 06:30:00,0.101,0.069
2017-12-21 07:00:00,0.04,0.228
2017-12-21 07:30:00,0.027,0.113
2017-12-21 08:00:00,0.041,0.024
2017-12-21 08:30:00,0.03,0.019
2017-12-21 09:00:00,0.027,0.053
2017-12-21 09:30:00,0.042,0.021
2017-12-21 10:00:00,0.037,0.025
2017-12-21 10:30:00,0.032,0.024
2017-12-21 11:00:00,0.043,0.021
2017-12-21 11:30:00,0.022,0.049
2017-12-21 12:00:00,0.05,0.044
2017-12-21 12:30:00,0.023,0.141
2017-12-21 13:00:00,0.027,0.118
2017-12-21 13:30:00,0.043,0.248
2017-12-21 14:00:00,0.039,0.218
2017-12-21 14:30:00,0.055,0.112
2017-12-21 15:00:00,0.091,0.417
2017-12-21 15:30:00,0.84,0.199
2017-12-21 16:00:00,0.123,0.187
2017-12-21 16:30:00,0.63,0.119
2017-12-21 17:00:00,1.285,0.78
2017-12-21 17:30:00,1.192,0.741
2017-12-21 18:00:00,1.496,0.163
2017-12-21 18:30:00,0.411,0.157
2017-12-21 19:00:00,0.478,0.495
2017-12-21 19:30:00,0.428,0.23
2017-12-21 20:00:00,0.147,0.502
2017-12-21 20:30:00,0.074,0.256
2017-12-21 21:00:00,0.038,0.101
2017-12-21 21:30:00,0.062,0.096
2017-12-21 22:00:00,0.023,0.087
2017-12-21 22:30:00,0.053,0.053
2017-12-21 23:00:00,0.024,0.035
2017-12-21 23:30:00,0.049,0.025
2017-12-22 00:00:00,0.038,0.035
2017-12-22 00:30:00,0.022,0.044
2017-12-22 01:00:00,0.049,0.017
2017-12-22 01:30:00,0.023,0.02
2017-12-22 02:00:00,0.024,0.045
2017-12-22 02:30:00,0.043,0.021
2017-12-22 03:00:00,0.018,0.021
2017-12-22 03:30:00,0.03,0.027
2017-12-22 04:00:00,0.036,0.044
2017-12-22 04:30:00,0.018,0.018
2017-12-22 05:00:00,0.037,0.024
2017-12-22 05:30:00,0.039,0.035
2017-12-22 06:00:00,0.034,0.059
2017-12-22 06:30:00,0.078,0.068
2017-12-22 07:00:00,0.08,0.1669999999999999
2017-12-22 07:30:00,0.104,0.089
2017-12-22 08:00:00,0.078,0.216
2017-12-22 08:30:00,0.034,0.063
2017-12-22 09:00:00,0.023,0.085
2017-12-22 09:30:00,0.046,0.138
2017-12-22 10:00:00,0.029,0.078
2017-12-22 10:30:00,0.023,0.215
2017-12-22 11:00:00,0.05,0.111
2017-12-22 11:30:00,0.026,0.099
2017-12-22 12:00:00,0.022,0.087
2017-12-22 12:30:00,0.052,0.294
2017-12-22 13:00:00,0.026,0.145
2017-12-22 13:30:00,0.022,0.054
2017-12-22 14:00:00,0.049,0.072
2017-12-22 14:30:00,0.028,0.078
2017-12-22 15:00:00,0.148,0.067
2017-12-22 15:30:00,0.732,0.246
2017-12-22 16:00:00,0.1669999999999999,0.123
2017-12-22 16:30:00,0.172,0.073
2017-12-22 17:00:00,1.534,0.124
2017-12-22 17:30:00,1.6030000000000002,0.065
2017-12-22 18:00:00,1.339,0.732
2017-12-22 18:30:00,0.83,0.552
2017-12-22 19:00:00,1.23,0.402
2017-12-22 19:30:00,0.444,0.509
2017-12-22 20:00:00,0.202,0.177
2017-12-22 20:30:00,0.4920000000000001,0.419
2017-12-22 21:00:00,0.104,0.076
2017-12-22 21:30:00,0.105,0.07
2017-12-22 22:00:00,0.115,0.108
2017-12-22 22:30:00,0.0819999999999999,0.073
2017-12-22 23:00:00,0.058,0.03
2017-12-22 23:30:00,0.054,0.043
2017-12-23 00:00:00,0.023,0.026
2017-12-23 00:30:00,0.045,0.032
2017-12-23 01:00:00,0.021,0.04
2017-12-23 01:30:00,0.034,0.022
2017-12-23 02:00:00,0.034,0.028
2017-12-23 02:30:00,0.024,0.035
2017-12-23 03:00:00,0.044,0.02
2017-12-23 03:30:00,0.017,0.02
2017-12-23 04:00:00,0.037,0.043
2017-12-23 04:30:00,0.028,0.02
2017-12-23 05:00:00,0.022,0.024
2017-12-23 05:30:00,0.053,0.047
2017-12-23 06:00:00,0.034,0.045
2017-12-23 06:30:00,0.077,0.068
2017-12-23 07:00:00,0.081,0.183
2017-12-23 07:30:00,0.04,0.11
2017-12-23 08:00:00,0.046,0.032
2017-12-23 08:30:00,0.254,0.039
2017-12-23 09:00:00,0.603,0.031
2017-12-23 09:30:00,0.123,0.024
2017-12-23 10:00:00,0.46,0.027
2017-12-23 10:30:00,1.176,0.05
2017-12-23 11:00:00,0.305,0.021
2017-12-23 11:30:00,0.056,0.038
2017-12-23 12:00:00,0.074,0.03
2017-12-23 12:30:00,0.753,0.025
2017-12-23 13:00:00,0.222,0.02
2017-12-23 13:30:00,0.37,0.05
2017-12-23 14:00:00,0.752,0.024
2017-12-23 14:30:00,0.293,0.025
2017-12-23 15:00:00,0.12,0.139
2017-12-23 15:30:00,0.097,0.7390000000000001
2017-12-23 16:00:00,1.264,0.1669999999999999
2017-12-23 16:30:00,1.224,0.198
2017-12-23 17:00:00,0.607,0.104
2017-12-23 17:30:00,0.8859999999999999,1.111
2017-12-23 18:00:00,0.455,1.685
2017-12-23 18:30:00,0.6779999999999999,0.669
2017-12-23 19:00:00,0.685,0.126
2017-12-23 19:30:00,0.205,0.125
2017-12-23 20:00:00,0.387,0.311
2017-12-23 20:30:00,0.327,0.099
2017-12-23 21:00:00,0.071,0.073
2017-12-23 21:30:00,0.088,0.089
2017-12-23 22:00:00,0.062,0.076
2017-12-23 22:30:00,0.093,0.073
2017-12-23 23:00:00,0.044,0.083
2017-12-23 23:30:00,0.063,0.031
2017-12-24 00:00:00,0.052,0.025
2017-12-24 00:30:00,0.022,0.026
2017-12-24 01:00:00,0.041,0.036
2017-12-24 01:30:00,0.031,0.034
2017-12-24 02:00:00,0.025,0.02
2017-12-24 02:30:00,0.047,0.024
2017-12-24 03:00:00,0.023,0.043
2017-12-24 03:30:00,0.043,0.016
2017-12-24 04:00:00,0.031,0.022
2017-12-24 04:30:00,0.027,0.047
2017-12-24 05:00:00,0.053,0.028
2017-12-24 05:30:00,0.027,0.024
2017-12-24 06:00:00,0.061,0.042
2017-12-24 06:30:00,0.083,0.069
2017-12-24 07:00:00,0.066,0.088
2017-12-24 07:30:00,0.151,0.102
2017-12-24 08:00:00,0.056,0.077
2017-12-24 08:30:00,0.405,0.224
2017-12-24 09:00:00,0.414,0.061
2017-12-24 09:30:00,0.086,0.062
2017-12-24 10:00:00,0.051,0.15
2017-12-24 10:30:00,0.216,0.063
2017-12-24 11:00:00,0.183,0.037
2017-12-24 11:30:00,0.081,0.037
2017-12-24 12:00:00,0.062,0.369
2017-12-24 12:30:00,0.066,0.397
2017-12-24 13:00:00,0.163,0.613
2017-12-24 13:30:00,0.061,0.124
2017-12-24 14:00:00,0.102,0.053
2017-12-24 14:30:00,0.065,0.044
2017-12-24 15:00:00,0.129,0.066
2017-12-24 15:30:00,0.08,0.248
2017-12-24 16:00:00,0.061,0.258
2017-12-24 16:30:00,0.168,0.119
2017-12-24 17:00:00,0.69,0.057
2017-12-24 17:30:00,0.366,0.7509999999999999
2017-12-24 18:00:00,0.445,0.8440000000000001
2017-12-24 18:30:00,0.3670000000000001,0.534
2017-12-24 19:00:00,0.238,0.247
2017-12-24 19:30:00,0.128,0.562
2017-12-24 20:00:00,0.115,0.204
2017-12-24 20:30:00,0.139,0.484
2017-12-24 21:00:00,0.153,0.193
2017-12-24 21:30:00,0.088,0.077
2017-12-24 22:00:00,0.079,0.086
2017-12-24 22:30:00,0.036,0.098
2017-12-24 23:00:00,0.051,0.046
2017-12-24 23:30:00,0.027,0.031
2017-12-25 00:00:00,0.024,
2017-12-25 00:30:00,0.021,
2017-12-25 01:00:00,0.054,
2017-12-25 01:30:00,0.019,
2017-12-25 02:00:00,0.041,
2017-12-25 02:30:00,0.023,
2017-12-25 03:00:00,0.023,
2017-12-25 03:30:00,0.031,
2017-12-25 04:00:00,0.041,
2017-12-25 04:30:00,0.026,
2017-12-25 05:00:00,0.062,
2017-12-25 05:30:00,0.067,
2017-12-25 06:00:00,0.085,
2017-12-25 06:30:00,0.027,
2017-12-25 07:00:00,0.117,
2017-12-25 07:30:00,0.138,
2017-12-25 08:00:00,0.041,
2017-12-25 08:30:00,0.069,
2017-12-25 09:00:00,0.03,
2017-12-25 09:30:00,0.053,
2017-12-25 10:00:00,0.023,
2017-12-25 10:30:00,0.043,
2017-12-25 11:00:00,0.027,
2017-12-25 11:30:00,0.039,
2017-12-25 12:00:00,0.035,
2017-12-25 12:30:00,0.028,
2017-12-25 13:00:00,0.045,
2017-12-25 13:30:00,0.023,
2017-12-25 14:00:00,0.027,
2017-12-25 14:30:00,0.041,
2017-12-25 15:00:00,0.042,
2017-12-25 15:30:00,0.022,
2017-12-25 16:00:00,0.049,
2017-12-25 16:30:00,0.022,
2017-12-25 17:00:00,0.039,
2017-12-25 17:30:00,0.034,
2017-12-25 18:00:00,0.023,
2017-12-25 18:30:00,0.051,
2017-12-25 19:00:00,0.021,
2017-12-25 19:30:00,0.038,
2017-12-25 20:00:00,0.034,
2017-12-25 20:30:00,0.022,
2017-12-25 21:00:00,0.052,
2017-12-25 21:30:00,0.023,
2017-12-25 22:00:00,0.035,
2017-12-25 22:30:00,0.038,
2017-12-25 23:00:00,0.022,
2017-12-25 23:30:00,0.048,
2017-12-26 00:00:00,0.031,0.03
2017-12-26 00:30:00,0.039,0.024
2017-12-26 01:00:00,0.041,0.044
2017-12-26 01:30:00,0.022,0.018
2017-12-26 02:00:00,0.026,0.02
2017-12-26 02:30:00,0.042,0.045
2017-12-26 03:00:00,0.042,0.018
2017-12-26 03:30:00,0.027,0.037
2017-12-26 04:00:00,0.049,0.214
2017-12-26 04:30:00,0.037,0.24
2017-12-26 05:00:00,0.031,0.104
2017-12-26 05:30:00,0.035,0.165
2017-12-26 06:00:00,0.061,0.113
2017-12-26 06:30:00,0.103,0.153
2017-12-26 07:00:00,0.212,0.151
2017-12-26 07:30:00,0.097,0.248
2017-12-26 08:00:00,0.025,0.091
2017-12-26 08:30:00,0.049,0.0819999999999999
2017-12-26 09:00:00,0.021,0.102
2017-12-26 09:30:00,0.024,0.054
2017-12-26 10:00:00,0.021,0.038
2017-12-26 10:30:00,0.052,0.038
2017-12-26 11:00:00,0.033,0.035
2017-12-26 11:30:00,0.021,0.037
2017-12-26 12:00:00,0.037,0.027
2017-12-26 12:30:00,0.041,0.029
2017-12-26 13:00:00,0.02,0.105
2017-12-26 13:30:00,0.025,0.051
2017-12-26 14:00:00,0.02,0.048
2017-12-26 14:30:00,0.04,0.08
2017-12-26 15:00:00,0.049,0.024
2017-12-26 15:30:00,0.184,0.188
2017-12-26 16:00:00,0.843,0.122
2017-12-26 16:30:00,0.484,0.139
2017-12-26 17:00:00,0.5920000000000001,0.128
2017-12-26 17:30:00,0.447,0.262
2017-12-26 18:00:00,0.116,0.392
2017-12-26 18:30:00,0.552,0.512
2017-12-26 19:00:00,0.187,0.185
2017-12-26 19:30:00,0.517,0.094
2017-12-26 20:00:00,0.318,0.076
2017-12-26 20:30:00,0.123,0.128
2017-12-26 21:00:00,0.134,0.107
2017-12-26 21:30:00,0.095,0.063
2017-12-26 22:00:00,0.087,0.054
2017-12-26 22:30:00,0.088,0.022
2017-12-26 23:00:00,0.039,0.025
2017-12-26 23:30:00,0.059,0.042
2017-12-27 00:00:00,0.097,0.036
2017-12-27 00:30:00,0.075,0.024
2017-12-27 01:00:00,0.085,0.043
2017-12-27 01:30:00,0.09,0.015
2017-12-27 02:00:00,0.069,0.042
2017-12-27 02:30:00,0.085,0.018
2017-12-27 03:00:00,0.094,0.031
2017-12-27 03:30:00,0.07,0.034
2017-12-27 04:00:00,0.077,0.016
2017-12-27 04:30:00,0.1,0.021
2017-12-27 05:00:00,0.073,0.032
2017-12-27 05:30:00,0.073,0.047
2017-12-27 06:00:00,0.111,0.039
2017-12-27 06:30:00,0.127,0.067
2017-12-27 07:00:00,0.147,0.061
2017-12-27 07:30:00,0.128,0.064
2017-12-27 08:00:00,0.087,0.02
2017-12-27 08:30:00,0.022,0.033
2017-12-27 09:00:00,0.051,0.162
2017-12-27 09:30:00,0.032,0.084
2017-12-27 10:00:00,0.023,0.026
2017-12-27 10:30:00,0.038,0.024
2017-12-27 11:00:00,0.046,0.252
2017-12-27 11:30:00,0.022,0.53
2017-12-27 12:00:00,0.023,0.812
2017-12-27 12:30:00,0.052,1.08
2017-12-27 13:00:00,0.033,1.356
2017-12-27 13:30:00,0.061,1.369
2017-12-27 14:00:00,0.032,0.191
2017-12-27 14:30:00,0.064,0.105
2017-12-27 15:00:00,0.028,0.477
2017-12-27 15:30:00,0.051,0.127
2017-12-27 16:00:00,0.067,0.9
2017-12-27 16:30:00,0.684,0.174
2017-12-27 17:00:00,0.472,0.155
2017-12-27 17:30:00,0.8290000000000001,1.43
2017-12-27 18:00:00,0.248,1.903
2017-12-27 18:30:00,0.53,1.352
2017-12-27 19:00:00,0.203,0.866
2017-12-27 19:30:00,0.465,0.158
2017-12-27 20:00:00,0.095,0.47
2017-12-27 20:30:00,0.139,0.109
2017-12-27 21:00:00,0.115,0.138
2017-12-27 21:30:00,0.131,0.202
2017-12-27 22:00:00,0.099,0.129
2017-12-27 22:30:00,0.063,0.074
2017-12-27 23:00:00,0.038,0.08
2017-12-27 23:30:00,0.028,0.026
2017-12-28 00:00:00,0.028,
2017-12-28 00:30:00,0.042,
2017-12-28 01:00:00,0.03,
2017-12-28 01:30:00,0.023,
2017-12-28 02:00:00,0.044,
2017-12-28 02:30:00,0.017,
2017-12-28 03:00:00,0.037,
2017-12-28 03:30:00,0.032,
2017-12-28 04:00:00,0.018,
2017-12-28 04:30:00,0.042,
2017-12-28 05:00:00,0.035,
2017-12-28 05:30:00,0.022,
2017-12-28 06:00:00,0.053,
2017-12-28 06:30:00,0.084,
2017-12-28 07:00:00,0.126,
2017-12-28 07:30:00,0.141,
2017-12-28 08:00:00,0.131,
2017-12-28 08:30:00,0.038,
2017-12-28 09:00:00,0.022,
2017-12-28 09:30:00,0.044,
2017-12-28 10:00:00,0.033,
2017-12-28 10:30:00,0.022,
2017-12-28 11:00:00,0.045,
2017-12-28 11:30:00,0.039,
2017-12-28 12:00:00,0.023,
2017-12-28 12:30:00,0.029,
2017-12-28 13:00:00,0.053,
2017-12-28 13:30:00,0.027,
2017-12-28 14:00:00,0.022,
2017-12-28 14:30:00,0.035,
2017-12-28 15:00:00,0.051,
2017-12-28 15:30:00,0.051,
2017-12-28 16:00:00,0.079,
2017-12-28 16:30:00,0.7709999999999999,
2017-12-28 17:00:00,0.21,
2017-12-28 17:30:00,0.925,
2017-12-28 18:00:00,1.235,
2017-12-28 18:30:00,0.989,
2017-12-28 19:00:00,1.221,
2017-12-28 19:30:00,0.655,
2017-12-28 20:00:00,0.5770000000000001,
2017-12-28 20:30:00,0.086,
2017-12-28 21:00:00,0.114,
2017-12-28 21:30:00,0.123,
2017-12-28 22:00:00,0.101,
2017-12-28 22:30:00,0.097,
2017-12-28 23:00:00,0.034,
2017-12-28 23:30:00,0.024,
2017-12-29 00:00:00,0.022,0.038
2017-12-29 00:30:00,0.043,0.041
2017-12-29 01:00:00,0.03,0.02
2017-12-29 01:30:00,0.017,0.024
2017-12-29 02:00:00,0.044,0.055
2017-12-29 02:30:00,0.027,0.017
2017-12-29 03:00:00,0.021,0.02
2017-12-29 03:30:00,0.045,0.031
2017-12-29 04:00:00,0.035,0.039
2017-12-29 04:30:00,0.022,0.018
2017-12-29 05:00:00,0.042,0.025
2017-12-29 05:30:00,0.053,0.036
2017-12-29 06:00:00,0.036,0.067
2017-12-29 06:30:00,0.067,0.064
2017-12-29 07:00:00,0.141,0.064
2017-12-29 07:30:00,0.1369999999999999,0.031
2017-12-29 08:00:00,0.063,0.168
2017-12-29 08:30:00,0.037,0.098
2017-12-29 09:00:00,0.044,0.094
2017-12-29 09:30:00,0.022,0.179
2017-12-29 10:00:00,0.024,0.72
2017-12-29 10:30:00,0.053,0.135
2017-12-29 11:00:00,0.032,0.1369999999999999
2017-12-29 11:30:00,0.023,0.286
2017-12-29 12:00:00,0.027,0.203
2017-12-29 12:30:00,0.053,1.272
2017-12-29 13:00:00,0.033,0.104
2017-12-29 13:30:00,0.023,0.13
2017-12-29 14:00:00,0.022,0.138
2017-12-29 14:30:00,0.049,0.109
2017-12-29 15:00:00,0.107,0.302
2017-12-29 15:30:00,0.452,1.081
2017-12-29 16:00:00,0.114,1.125
2017-12-29 16:30:00,0.077,1.021
2017-12-29 17:00:00,0.659,0.33
2017-12-29 17:30:00,0.932,0.612
2017-12-29 18:00:00,0.18,0.966
2017-12-29 18:30:00,0.476,0.156
2017-12-29 19:00:00,0.219,0.495
2017-12-29 19:30:00,0.147,0.095
2017-12-29 20:00:00,0.57,0.122
2017-12-29 20:30:00,0.092,0.127
2017-12-29 21:00:00,0.108,0.101
2017-12-29 21:30:00,0.107,0.099
2017-12-29 22:00:00,0.065,0.049
2017-12-29 22:30:00,0.064,0.049
2017-12-29 23:00:00,0.042,0.021
2017-12-29 23:30:00,0.023,0.049
2017-12-30 00:00:00,0.052,
2017-12-30 00:30:00,0.024,
2017-12-30 01:00:00,0.038,
2017-12-30 01:30:00,0.028,
2017-12-30 02:00:00,0.025,
2017-12-30 02:30:00,0.043,
2017-12-30 03:00:00,0.019,
2017-12-30 03:30:00,0.037,
2017-12-30 04:00:00,0.031,
2017-12-30 04:30:00,0.02,
2017-12-30 05:00:00,0.05,
2017-12-30 05:30:00,0.031,
2017-12-30 06:00:00,0.036,
2017-12-30 06:30:00,0.094,
2017-12-30 07:00:00,0.071,
2017-12-30 07:30:00,0.04,
2017-12-30 08:00:00,0.05,
2017-12-30 08:30:00,0.155,
2017-12-30 09:00:00,0.071,
2017-12-30 09:30:00,0.454,
2017-12-30 10:00:00,0.089,
2017-12-30 10:30:00,0.078,
2017-12-30 11:00:00,0.457,
2017-12-30 11:30:00,0.546,
2017-12-30 12:00:00,0.376,
2017-12-30 12:30:00,0.397,
2017-12-30 13:00:00,0.24,
2017-12-30 13:30:00,0.422,
2017-12-30 14:00:00,0.041,
2017-12-30 14:30:00,0.044,
2017-12-30 15:00:00,0.023,
2017-12-30 15:30:00,0.126,
2017-12-30 16:00:00,0.125,
2017-12-30 16:30:00,0.089,
2017-12-30 17:00:00,0.05,
2017-12-30 17:30:00,0.045,
2017-12-30 18:00:00,0.048,
2017-12-30 18:30:00,0.023,
2017-12-30 19:00:00,0.148,
2017-12-30 19:30:00,0.127,
2017-12-30 20:00:00,0.097,
2017-12-30 20:30:00,0.132,
2017-12-30 21:00:00,0.121,
2017-12-30 21:30:00,0.065,
2017-12-30 22:00:00,0.088,
2017-12-30 22:30:00,0.065,
2017-12-30 23:00:00,0.041,
2017-12-30 23:30:00,0.032,
2017-12-31 00:00:00,0.034,0.022
2017-12-31 00:30:00,0.03,0.053
2017-12-31 01:00:00,0.025,0.015
2017-12-31 01:30:00,0.039,0.02
2017-12-31 02:00:00,0.019,0.034
2017-12-31 02:30:00,0.023,0.033
2017-12-31 03:00:00,0.04,0.018
2017-12-31 03:30:00,0.034,0.019
2017-12-31 04:00:00,0.023,0.045
2017-12-31 04:30:00,0.028,0.024
2017-12-31 05:00:00,0.062,0.025
2017-12-31 05:30:00,0.083,0.02
2017-12-31 06:00:00,0.064,0.069
2017-12-31 06:30:00,0.096,0.076
2017-12-31 07:00:00,0.074,0.06
2017-12-31 07:30:00,0.16,0.037
2017-12-31 08:00:00,0.065,0.196
2017-12-31 08:30:00,0.652,0.156
2017-12-31 09:00:00,0.095,0.156
2017-12-31 09:30:00,0.081,0.024
2017-12-31 10:00:00,0.094,0.143
2017-12-31 10:30:00,0.067,0.468
2017-12-31 11:00:00,0.091,0.287
2017-12-31 11:30:00,0.078,0.141
2017-12-31 12:00:00,0.289,0.371
2017-12-31 12:30:00,0.179,0.092
2017-12-31 13:00:00,0.165,0.06
2017-12-31 13:30:00,0.099,0.037
2017-12-31 14:00:00,0.075,0.045
2017-12-31 14:30:00,0.092,0.02
2017-12-31 15:00:00,0.113,0.023
2017-12-31 15:30:00,0.079,0.056
2017-12-31 16:00:00,0.094,0.198
2017-12-31 16:30:00,0.7709999999999999,0.3720000000000001
2017-12-31 17:00:00,0.391,0.662
2017-12-31 17:30:00,0.4370000000000001,0.192
2017-12-31 18:00:00,0.206,0.483
2017-12-31 18:30:00,0.48,0.341
2017-12-31 19:00:00,0.068,0.235
2017-12-31 19:30:00,0.104,0.109
2017-12-31 20:00:00,0.117,0.141
2017-12-31 20:30:00,0.069,0.116
2017-12-31 21:00:00,0.077,0.113
2017-12-31 21:30:00,0.085,0.114
2017-12-31 22:00:00,0.038,0.09
2017-12-31 22:30:00,0.051,0.03
2017-12-31 23:00:00,0.024,0.026
2017-12-31 23:30:00,0.049,0.04
